<TextureAtlas imagePath="sprites.png">
	<SubTexture name="Blue_Back1.png" x="0" y="1007" width="133" height="167"/>
	<SubTexture name="Blue_Back2.png" x="271" y="823" width="132" height="167"/>
	<SubTexture name="Blue_Back3.png" x="0" y="1176" width="133" height="167"/>
	<SubTexture name="Blue_Front1.png" x="272" y="0" width="132" height="165"/>
	<SubTexture name="Blue_Front2.png" x="403" y="1662" width="132" height="165"/>
	<SubTexture name="Blue_Front3.png" x="0" y="1345" width="133" height="165"/>
	<SubTexture name="Blue_Left1.png" x="1039" y="1490" width="120" height="165"/>
	<SubTexture name="Blue_Left2.png" x="1038" y="996" width="120" height="165"/>
	<SubTexture name="Blue_Left3.png" x="1038" y="829" width="120" height="165"/>
	<SubTexture name="Blue_Right1.png" x="918" y="1323" width="120" height="165"/>
	<SubTexture name="Blue_Right2.png" x="918" y="662" width="120" height="165"/>
	<SubTexture name="Blue_Right3.png" x="917" y="495" width="120" height="165"/>
	<SubTexture name="Brown_Back1.png" x="0" y="1512" width="133" height="162"/>
	<SubTexture name="Brown_Back2.png" x="403" y="1829" width="132" height="162"/>
	<SubTexture name="Brown_Back3.png" x="404" y="1320" width="132" height="162"/>
	<SubTexture name="Brown_Front1.png" x="405" y="167" width="132" height="161"/>
	<SubTexture name="Brown_Front2.png" x="405" y="330" width="132" height="163"/>
	<SubTexture name="Brown_Front3.png" x="539" y="333" width="132" height="163"/>
	<SubTexture name="Brown_Left1.png" x="916" y="995" width="120" height="161"/>
	<SubTexture name="Brown_Left2.png" x="1040" y="1163" width="120" height="162"/>
	<SubTexture name="Brown_Left3.png" x="796" y="831" width="120" height="162"/>
	<SubTexture name="Brown_Right1.png" x="1160" y="827" width="120" height="162"/>
	<SubTexture name="Brown_Right2.png" x="1158" y="0" width="120" height="162"/>
	<SubTexture name="Brown_Right3.png" x="795" y="1820" width="120" height="162"/>
	<SubTexture name="Green_Back.png" x="405" y="661" width="132" height="165"/>
	<SubTexture name="Green_Back1.png" x="0" y="1676" width="133" height="165"/>
	<SubTexture name="Green_Back2.png" x="406" y="0" width="132" height="165"/>
	<SubTexture name="Green_Front1.png" x="537" y="1649" width="132" height="164"/>
	<SubTexture name="Green_Front2.png" x="537" y="1815" width="132" height="164"/>
	<SubTexture name="Green_Front3.png" x="405" y="495" width="132" height="164"/>
	<SubTexture name="Green_Left1.png" x="796" y="1338" width="120" height="165"/>
	<SubTexture name="Green_Left2.png" x="1161" y="1327" width="120" height="165"/>
	<SubTexture name="Green_Left3.png" x="1160" y="991" width="120" height="165"/>
	<SubTexture name="Green_Right1.png" x="794" y="1170" width="120" height="166"/>
	<SubTexture name="Green_Right2.png" x="794" y="1002" width="120" height="166"/>
	<SubTexture name="Green_Right3.png" x="672" y="1168" width="120" height="166"/>
	<SubTexture name="LightBlue_Back1.png" x="0" y="170" width="136" height="165"/>
	<SubTexture name="LightBlue_Back2.png" x="0" y="673" width="135" height="165"/>
	<SubTexture name="LightBlue_Back3.png" x="0" y="506" width="135" height="165"/>
	<SubTexture name="LightBlue_Front1.png" x="0" y="840" width="135" height="165"/>
	<SubTexture name="LightBlue_Front2.png" x="0" y="337" width="135" height="167"/>
	<SubTexture name="LightBlue_Front3.png" x="0" y="0" width="136" height="168"/>
	<SubTexture name="LightBlue_Left1.png" x="670" y="498" width="123" height="166"/>
	<SubTexture name="LightBlue_Left2.png" x="671" y="1655" width="122" height="166"/>
	<SubTexture name="LightBlue_Left3.png" x="671" y="1823" width="122" height="166"/>
	<SubTexture name="LightBlue_Right1.png" x="672" y="834" width="122" height="166"/>
	<SubTexture name="LightBlue_Right2.png" x="672" y="666" width="122" height="166"/>
	<SubTexture name="LightBlue_Right3.png" x="671" y="1487" width="123" height="166"/>
	<SubTexture name="Pink_Back1.png" x="271" y="658" width="132" height="163"/>
	<SubTexture name="Pink_Back2.png" x="539" y="167" width="132" height="164"/>
	<SubTexture name="Pink_Back3.png" x="538" y="1321" width="132" height="164"/>
	<SubTexture name="Pink_Front1.png" x="538" y="1158" width="132" height="161"/>
	<SubTexture name="Pink_Front2.png" x="538" y="993" width="132" height="163"/>
	<SubTexture name="Pink_Front3.png" x="538" y="828" width="132" height="163"/>
	<SubTexture name="Pink_Left1.png" x="914" y="0" width="120" height="164"/>
	<SubTexture name="Pink_Left2.png" x="795" y="167" width="120" height="164"/>
	<SubTexture name="Pink_Left3.png" x="795" y="333" width="120" height="163"/>
	<SubTexture name="Pink_Right1.png" x="795" y="1655" width="120" height="163"/>
	<SubTexture name="Pink_Right2.png" x="916" y="1158" width="120" height="163"/>
	<SubTexture name="Pink_Right3.png" x="917" y="1505" width="120" height="163"/>
	<SubTexture name="Purple_Back1.png" x="135" y="1504" width="133" height="163"/>
	<SubTexture name="Purple_Back2.png" x="404" y="1484" width="132" height="163"/>
	<SubTexture name="Purple_Back3.png" x="135" y="1172" width="133" height="163"/>
	<SubTexture name="Purple_Front1.png" x="404" y="1157" width="132" height="161"/>
	<SubTexture name="Purple_Front2.png" x="404" y="992" width="132" height="163"/>
	<SubTexture name="Purple_Front3.png" x="135" y="1007" width="133" height="163"/>
	<SubTexture name="Purple_Left1.png" x="1039" y="166" width="120" height="162"/>
	<SubTexture name="Purple_Left2.png" x="1039" y="330" width="120" height="162"/>
	<SubTexture name="Purple_Left3.png" x="1039" y="1657" width="120" height="162"/>
	<SubTexture name="Purple_Right1.png" x="673" y="334" width="120" height="161"/>
	<SubTexture name="Purple_Right2.png" x="917" y="166" width="120" height="161"/>
	<SubTexture name="Purple_Right3.png" x="917" y="1837" width="120" height="161"/>
	<SubTexture name="Rd_Back2.png" x="270" y="1495" width="132" height="165"/>
	<SubTexture name="Red_Back1.png" x="135" y="1337" width="133" height="165"/>
	<SubTexture name="Red_Back3.png" x="270" y="1167" width="132" height="165"/>
	<SubTexture name="Red_Front1.png" x="270" y="1002" width="132" height="163"/>
	<SubTexture name="Red_Front2.png" x="269" y="1835" width="132" height="164"/>
	<SubTexture name="Red_Front3.png" x="269" y="1669" width="132" height="164"/>
	<SubTexture name="Red_Left1.png" x="917" y="1670" width="120" height="165"/>
	<SubTexture name="Red_Left2.png" x="673" y="167" width="120" height="165"/>
	<SubTexture name="Red_Left3.png" x="1040" y="660" width="120" height="165"/>
	<SubTexture name="Red_Right1.png" x="796" y="664" width="120" height="165"/>
	<SubTexture name="Red_Right2.png" x="792" y="0" width="120" height="165"/>
	<SubTexture name="Red_Right3.png" x="670" y="0" width="120" height="165"/>
	<SubTexture name="White_Back1.png" x="135" y="1835" width="132" height="165"/>
	<SubTexture name="White_Back2.png" x="137" y="668" width="132" height="164"/>
	<SubTexture name="White_Back3.png" x="271" y="491" width="132" height="165"/>
	<SubTexture name="White_Front1.png" x="135" y="1669" width="132" height="164"/>
	<SubTexture name="White_Front2.png" x="137" y="337" width="132" height="166"/>
	<SubTexture name="White_Front3.png" x="137" y="834" width="132" height="166"/>
	<SubTexture name="White_Left1.png" x="672" y="1002" width="120" height="164"/>
	<SubTexture name="White_Left2.png" x="795" y="498" width="120" height="164"/>
	<SubTexture name="White_Left3.png" x="917" y="329" width="120" height="164"/>
	<SubTexture name="White_Right1.png" x="1036" y="0" width="120" height="164"/>
	<SubTexture name="White_Right2.png" x="1039" y="494" width="120" height="164"/>
	<SubTexture name="White_right3.png" x="1039" y="1821" width="120" height="164"/>
	<SubTexture name="Yellow_Back1.png" x="0" y="1843" width="133" height="161"/>
	<SubTexture name="Yellow_Back2.png" x="138" y="164" width="132" height="161"/>
	<SubTexture name="Yellow_Back3.png" x="137" y="505" width="132" height="161"/>
	<SubTexture name="Yellow_Front1.png" x="270" y="1334" width="132" height="159"/>
	<SubTexture name="Yellow_Front2.png" x="271" y="327" width="132" height="162"/>
	<SubTexture name="Yellow_Front3.png" x="138" y="0" width="132" height="162"/>
	<SubTexture name="Yellow_Left1.png" x="540" y="0" width="128" height="156"/>
	<SubTexture name="Yellow_Left2.png" x="272" y="167" width="129" height="156"/>
	<SubTexture name="Yellow_Left3.png" x="539" y="656" width="129" height="156"/>
	<SubTexture name="Yellow_Right1.png" x="405" y="828" width="129" height="156"/>
	<SubTexture name="Yellow_Right2.png" x="538" y="1487" width="129" height="156"/>
	<SubTexture name="Yellow_Right3.png" x="539" y="498" width="129" height="156"/>
</TextureAtlas>